{"metadata":{"usedHelpers":[],"marked":[],"modules":{"imports":[{"source":"meteor/meteor","imported":["Meteor"],"specifiers":[{"kind":"named","imported":"Meteor","local":"Meteor"}]},{"source":"meteor/mongo","imported":["Mongo"],"specifiers":[{"kind":"named","imported":"Mongo","local":"Mongo"}]},{"source":"meteor/check","imported":["check"],"specifiers":[{"kind":"named","imported":"check","local":"check"}]}],"exports":{"exported":[],"specifiers":[]}}},"options":{"filename":"/imports/api/login.js","filenameRelative":"/imports/api/login.js","env":{},"retainLines":false,"highlightCode":true,"suppressDeprecationMessages":false,"presets":[],"plugins":[[[],null],[[],null],[[],null],[[],null],[[],null],[[],null],[[],null],[[],{"polyfill":false}],[[],null],[[],null],[[],null],[[],null],[[],null],[[],null],[[],null],[[],null],[[],{"loose":true}],[[],{"loose":true}],[[],null],[[],{"loose":true}],[[],null],[[],null],[[],{"allowTopLevelThis":true,"strict":false,"loose":true}],[[],null],[[],null],[[],null],[[],null],[[],null],[[],{"loose":true}],[[],null],[[],null],[[],null],[[],null],[[],null],[[],null],[[],null],[[],null]],"ignore":[],"code":true,"metadata":true,"ast":false,"comments":true,"compact":false,"minified":false,"sourceMap":true,"sourceMaps":true,"sourceMapTarget":"/imports/api/login.js.map","sourceFileName":"/imports/api/login.js","babelrc":false,"sourceType":"module","moduleIds":false,"passPerPreset":false,"basename":"login"},"ignored":false,"code":"var _meteor = require('meteor/meteor');\n\nvar _mongo = require('meteor/mongo');\n\nvar _check = require('meteor/check');","ast":null,"map":{"version":3,"sources":["/imports/api/login.js"],"names":[],"mappings":"AAAA;;AACA;;AACA","file":"/imports/api/login.js.map","sourcesContent":["import { Meteor } from 'meteor/meteor';\r\nimport { Mongo } from 'meteor/mongo';\r\nimport { check } from 'meteor/check';\r\n\r\n//export const ApplicationUsers = new Mongo.Collection('users');\r\n\r\n"]},"hash":"0506723a1e6d03b834a749dc0e1b19771bb79ab6"}
