{"metadata":{"usedHelpers":[],"marked":[],"modules":{"imports":[{"source":"meteor/templating","imported":["Template"],"specifiers":[{"kind":"named","imported":"Template","local":"Template"}]},{"source":"meteor/reactive-var","imported":["ReactiveVar"],"specifiers":[{"kind":"named","imported":"ReactiveVar","local":"ReactiveVar"}]},{"source":"../html/login.html","imported":[],"specifiers":[]}],"exports":{"exported":[],"specifiers":[]}}},"options":{"filename":"/client/js/login.js","filenameRelative":"/client/js/login.js","env":{},"retainLines":false,"highlightCode":true,"suppressDeprecationMessages":false,"presets":[],"plugins":[[[],null],[[],null],[[],null],[[],null],[[],null],[[],null],[[],null],[[],{"polyfill":false}],[[],null],[[],null],[[],null],[[],null],[[],null],[[],null],[[],null],[[],null],[[],{"loose":true}],[[],{"loose":true}],[[],null],[[],{"loose":true}],[[],null],[[],null],[[],{"allowTopLevelThis":true,"strict":false,"loose":true}],[[],null],[[],null],[[],null],[[],null],[[],null],[[],{"loose":true}],[[],null],[[],null],[[],null],[[],null],[[],null],[[],null],[[],null],[[],null]],"ignore":[],"code":true,"metadata":true,"ast":false,"comments":true,"compact":false,"minified":false,"sourceMap":true,"sourceMaps":true,"sourceMapTarget":"/client/js/login.js.map","sourceFileName":"/client/js/login.js","babelrc":false,"sourceType":"module","moduleIds":false,"passPerPreset":false,"basename":"login"},"ignored":false,"code":"var _templating = require('meteor/templating');\n\nvar _reactiveVar = require('meteor/reactive-var');\n\nrequire('../html/login.html');\n\n_templating.Template.RegisterPage.events({\n    'submit form': function () {\n        function submitForm(event) {\n            event.preventDefault();\n            var emailVar = event.target.registerEmail.value;\n            var passwordVar = event.target.registerPassword.value;\n            Accounts.createUser({\n                email: emailVar,\n                password: passwordVar\n            });\n        }\n\n        return submitForm;\n    }()\n});\n\n_templating.Template.LoginPage.events({\n    'submit form': function () {\n        function submitForm(event) {\n            event.preventDefault();\n            var emailVar = event.target.loginEmail.value;\n            var passwordVar = event.target.loginPassword.value;\n            Meteor.loginWithPassword(emailVar, passwordVar);\n        }\n\n        return submitForm;\n    }()\n});","ast":null,"map":{"version":3,"sources":["/client/js/login.js"],"names":[],"mappings":"AAAA;;AACA;;AAEA;;AAGA,qBAAS,YAAT,CAAsB,MAAtB,CAA6B;AACzB;AAAe,4BAAS,KAAT,EAAgB;AAC3B,kBAAM,cAAN,GAD2B;AAE3B,gBAAI,WAAW,MAAM,MAAN,CAAa,aAAb,CAA2B,KAA3B,CAFY;AAG3B,gBAAI,cAAc,MAAM,MAAN,CAAa,gBAAb,CAA8B,KAA9B,CAHS;AAI3B,qBAAS,UAAT,CAAoB;AAChB,uBAAO,QAAP;AACA,0BAAU,WAAV;aAFJ,EAJ2B;SAAhB;;;OAAf;CADJ;;AAYA,qBAAS,SAAT,CAAmB,MAAnB,CAA0B;AACtB;AAAe,4BAAS,KAAT,EAAe;AAC1B,kBAAM,cAAN,GAD0B;AAE1B,gBAAI,WAAW,MAAM,MAAN,CAAa,UAAb,CAAwB,KAAxB,CAFW;AAG1B,gBAAI,cAAc,MAAM,MAAN,CAAa,aAAb,CAA2B,KAA3B,CAHQ;AAI1B,mBAAO,iBAAP,CAAyB,QAAzB,EAAmC,WAAnC,EAJ0B;SAAf;;;OAAf;CADJ","file":"/client/js/login.js.map","sourcesContent":["import { Template } from 'meteor/templating';\r\nimport { ReactiveVar } from 'meteor/reactive-var';\r\n\r\nimport '../html/login.html';\r\n\r\n\r\nTemplate.RegisterPage.events({\r\n    'submit form': function(event) {\r\n        event.preventDefault();\r\n        var emailVar = event.target.registerEmail.value;\r\n        var passwordVar = event.target.registerPassword.value;\r\n        Accounts.createUser({\r\n            email: emailVar,\r\n            password: passwordVar\r\n        });\r\n    }\r\n});\r\n\r\nTemplate.LoginPage.events({\r\n    'submit form': function(event){\r\n        event.preventDefault();\r\n        var emailVar = event.target.loginEmail.value;\r\n        var passwordVar = event.target.loginPassword.value;\r\n        Meteor.loginWithPassword(emailVar, passwordVar);\r\n    }\r\n});"]},"hash":"182882dfc26ce5f21e0ac10d5f6569dc6b558842"}
