{"metadata":{"usedHelpers":[],"marked":[],"modules":{"imports":[{"source":"meteor/templating","imported":["Template"],"specifiers":[{"kind":"named","imported":"Template","local":"Template"}]},{"source":"meteor/reactive-var","imported":["ReactiveVar"],"specifiers":[{"kind":"named","imported":"ReactiveVar","local":"ReactiveVar"}]},{"source":"../html/main.html","imported":[],"specifiers":[]}],"exports":{"exported":[],"specifiers":[]}}},"options":{"filename":"/client/js/main.js","filenameRelative":"/client/js/main.js","env":{},"retainLines":false,"highlightCode":true,"suppressDeprecationMessages":false,"presets":[],"plugins":[[[],null],[[],null],[[],null],[[],null],[[],null],[[],null],[[],null],[[],{"polyfill":false}],[[],null],[[],null],[[],null],[[],null],[[],null],[[],null],[[],null],[[],null],[[],{"loose":true}],[[],{"loose":true}],[[],null],[[],{"loose":true}],[[],null],[[],null],[[],{"allowTopLevelThis":true,"strict":false,"loose":true}],[[],null],[[],null],[[],null],[[],null],[[],null],[[],{"loose":true}],[[],null],[[],null],[[],null],[[],null],[[],null],[[],null],[[],null],[[],null]],"ignore":[],"code":true,"metadata":true,"ast":false,"comments":true,"compact":false,"minified":false,"sourceMap":true,"sourceMaps":true,"sourceMapTarget":"/client/js/main.js.map","sourceFileName":"/client/js/main.js","babelrc":false,"sourceType":"module","moduleIds":false,"passPerPreset":false,"basename":"main"},"ignored":false,"code":"var _templating = require('meteor/templating');\n\nvar _reactiveVar = require('meteor/reactive-var');\n\nrequire('../html/main.html');\n\n_templating.Template.MasterPage.onCreated(function () {\n  function helloOnCreated() {\n    // counter starts at 0\n    this.counter = new _reactiveVar.ReactiveVar(0);\n  }\n\n  return helloOnCreated;\n}());\n\n_templating.Template.MasterPage.helpers({\n  counter: function () {\n    function counter() {\n      return _templating.Template.instance().counter.get();\n    }\n\n    return counter;\n  }()\n});\n\n_templating.Template.MasterPage.events({\n  'click button': function () {\n    function clickButton(event, instance) {\n      // increment the counter when button is clicked\n      instance.counter.set(instance.counter.get() + 1);\n    }\n\n    return clickButton;\n  }()\n});\n\n_templating.Template.MasterPage.events({\n  'click #userLogout': function () {\n    function clickUserLogout(event) {\n      event.preventDefault();\n      Session.set(\"hasToRegister\", false);\n      Meteor.logout();\n    }\n\n    return clickUserLogout;\n  }()\n});","ast":null,"map":{"version":3,"sources":["/client/js/main.js"],"names":[],"mappings":"AAAA;;AACA;;AAEA;;AAEA,qBAAS,UAAT,CAAoB,SAApB;AAA8B,WAAS,cAAT,GAA0B;;AAEtD,SAAK,OAAL,GAAe,6BAAgB,CAAhB,CAAf,CAFsD;GAA1B;;SAAS;GAAvC;;AAKA,qBAAS,UAAT,CAAoB,OAApB,CAA4B;AAC1B;uBAAU;AACR,aAAO,qBAAS,QAAT,GAAoB,OAApB,CAA4B,GAA5B,EAAP,CADQ;;;;KADgB;CAA5B;;AAMA,qBAAS,UAAT,CAAoB,MAApB,CAA2B;AACzB;yBAAe,OAAO,UAAU;;AAE9B,eAAS,OAAT,CAAiB,GAAjB,CAAqB,SAAS,OAAT,CAAiB,GAAjB,KAAyB,CAAzB,CAArB,CAF8B;;;;KADP;CAA3B;;AAOA,qBAAS,UAAT,CAAoB,MAApB,CAA2B;AACvB;AAAqB,6BAAS,KAAT,EAAe;AAChC,YAAM,cAAN,GADgC;AAEtC,cAAQ,GAAR,CAAa,eAAb,EAA8B,KAA9B,EAFsC;AAGhC,aAAO,MAAP,GAHgC;KAAf;;;KAArB;CADJ","file":"/client/js/main.js.map","sourcesContent":["import { Template } from 'meteor/templating';\nimport { ReactiveVar } from 'meteor/reactive-var';\n\nimport '../html/main.html';\n\nTemplate.MasterPage.onCreated(function helloOnCreated() {\n  // counter starts at 0\n  this.counter = new ReactiveVar(0);\n});\n\nTemplate.MasterPage.helpers({\n  counter() {\n    return Template.instance().counter.get();\n  },\n});\n\nTemplate.MasterPage.events({\n  'click button'(event, instance) {\n    // increment the counter when button is clicked\n    instance.counter.set(instance.counter.get() + 1);\n  },\n});\n\nTemplate.MasterPage.events({\n    'click #userLogout': function(event){\n        event.preventDefault();\n\t\tSession.set( \"hasToRegister\", false );\n        Meteor.logout();\n    }\n});\n"]},"hash":"412dfb8b3b228c535f69deb8783ebec9017362a6"}
