{"metadata":{"usedHelpers":["typeof","interopRequireDefault"],"marked":[],"modules":{"imports":[],"exports":{"exported":[],"specifiers":[]}}},"options":{"filename":"/imports/plugins/inputmask.phone.extensions.js","filenameRelative":"/imports/plugins/inputmask.phone.extensions.js","env":{},"retainLines":false,"highlightCode":true,"suppressDeprecationMessages":false,"presets":[],"plugins":[[[],null],[[],null],[[],null],[[],null],[[],null],[[],null],[[],null],[[],{"polyfill":false}],[[],null],[[],null],[[],null],[[],null],[[],null],[[],null],[[],null],[[],null],[[],{"loose":true}],[[],{"loose":true}],[[],null],[[],{"loose":true}],[[],null],[[],null],[[],{"allowTopLevelThis":true,"strict":false,"loose":true}],[[],null],[[],null],[[],null],[[],null],[[],null],[[],{"loose":true}],[[],null],[[],null],[[],null],[[],null],[[],null],[[],null],[[],null],[[],null]],"ignore":[],"code":true,"metadata":true,"ast":false,"comments":true,"compact":false,"minified":false,"sourceMap":true,"sourceMaps":true,"sourceMapTarget":"/imports/plugins/inputmask.phone.extensions.js.map","sourceFileName":"/imports/plugins/inputmask.phone.extensions.js","babelrc":false,"sourceType":"module","moduleIds":false,"passPerPreset":false,"basename":"inputmask.phone.extensions"},"ignored":false,"code":"var _typeof2 = require(\"babel-runtime/helpers/typeof\");\n\nvar _typeof3 = _interopRequireDefault(_typeof2);\n\nfunction _interopRequireDefault(obj) { return obj && obj.__esModule ? obj : { \"default\": obj }; }\n\n/*!\n* inputmask.phone.extensions.js\n* https://github.com/RobinHerbots/jquery.inputmask\n* Copyright (c) 2010 - 2016 Robin Herbots\n* Licensed under the MIT license (http://www.opensource.org/licenses/mit-license.php)\n* Version: 3.3.1\n*/\n!function (factory) {\n    \"function\" == typeof define && define.amd ? define([\"jquery\", \"inputmask\"], factory) : \"object\" == (typeof exports === \"undefined\" ? \"undefined\" : (0, _typeof3[\"default\"])(exports)) ? module.exports = factory(require(\"jquery\"), require(\"./inputmask\")) : factory(window.dependencyLib || jQuery, window.Inputmask);\n}(function ($, Inputmask) {\n    return Inputmask.extendAliases({\n        phone: {\n            url: \"phone-codes/phone-codes.js\",\n            countrycode: \"\",\n            phoneCodeCache: {},\n            mask: function () {\n                function mask(opts) {\n                    if (void 0 === opts.phoneCodeCache[opts.url]) {\n                        var maskList = [];\n                        opts.definitions[\"#\"] = opts.definitions[9], $.ajax({\n                            url: opts.url,\n                            async: !1,\n                            type: \"get\",\n                            dataType: \"json\",\n                            success: function () {\n                                function success(response) {\n                                    maskList = response;\n                                }\n\n                                return success;\n                            }(),\n                            error: function () {\n                                function error(xhr, ajaxOptions, thrownError) {\n                                    alert(thrownError + \" - \" + opts.url);\n                                }\n\n                                return error;\n                            }()\n                        }), opts.phoneCodeCache[opts.url] = maskList.sort(function (a, b) {\n                            return (a.mask || a) < (b.mask || b) ? -1 : 1;\n                        });\n                    }\n                    return opts.phoneCodeCache[opts.url];\n                }\n\n                return mask;\n            }(),\n            keepStatic: !1,\n            nojumps: !0,\n            nojumpsThreshold: 1,\n            onBeforeMask: function () {\n                function onBeforeMask(value, opts) {\n                    var processedValue = value.replace(/^0{1,2}/, \"\").replace(/[\\s]/g, \"\");\n                    return (processedValue.indexOf(opts.countrycode) > 1 || -1 === processedValue.indexOf(opts.countrycode)) && (processedValue = \"+\" + opts.countrycode + processedValue), processedValue;\n                }\n\n                return onBeforeMask;\n            }()\n        },\n        phonebe: {\n            alias: \"phone\",\n            url: \"phone-codes/phone-be.js\",\n            countrycode: \"32\",\n            nojumpsThreshold: 4\n        }\n    }), Inputmask;\n});","ast":null,"map":{"version":3,"sources":["/imports/plugins/inputmask.phone.extensions.js"],"names":[],"mappings":";;;;;;;;;;;;;AAOA,CAAC,UAAS,OAAT,EAAkB;AACf,kBAAc,OAAO,MAAP,IAAiB,OAAO,GAAP,GAAa,OAAO,CAAE,QAAF,EAAY,WAAZ,CAAP,EAAkC,OAAlC,CAA5C,GAAyF,oBAAmB,0EAAnB,GAA6B,OAAO,OAAP,GAAiB,QAAQ,QAAQ,QAAR,CAAR,EAA2B,QAAQ,aAAR,CAA3B,CAAjB,GAAsE,QAAQ,OAAO,aAAP,IAAwB,MAAxB,EAAgC,OAAO,SAAP,CAA3I,CAD1E;CAAlB,CAEC,UAAS,CAAT,EAAY,SAAZ,EAAuB;AACrB,WAAO,UAAU,aAAV,CAAwB;AAC3B,eAAO;AACH,iBAAK,4BAAL;AACA,yBAAa,EAAb;AACA,4BAAgB,EAAhB;AACA;AAAM,8BAAS,IAAT,EAAe;AACjB,wBAAI,KAAK,CAAL,KAAW,KAAK,cAAL,CAAoB,KAAK,GAAL,CAA/B,EAA0C;AAC1C,4BAAI,WAAW,EAAX,CADsC;AAE1C,6BAAK,WAAL,CAAiB,GAAjB,IAAwB,KAAK,WAAL,CAAiB,CAAjB,CAAxB,EAA6C,EAAE,IAAF,CAAO;AAChD,iCAAK,KAAK,GAAL;AACL,mCAAO,CAAC,CAAD;AACP,kCAAM,KAAN;AACA,sCAAU,MAAV;AACA;AAAS,iDAAS,QAAT,EAAmB;AACxB,+CAAW,QAAX,CADwB;iCAAnB;;;+BAAT;AAGA;AAAO,+CAAS,GAAT,EAAc,WAAd,EAA2B,WAA3B,EAAwC;AAC3C,0CAAM,cAAc,KAAd,GAAsB,KAAK,GAAL,CAA5B,CAD2C;iCAAxC;;;+BAAP;yBARyC,CAA7C,EAWI,KAAK,cAAL,CAAoB,KAAK,GAAL,CAApB,GAAgC,SAAS,IAAT,CAAc,UAAS,CAAT,EAAY,CAAZ,EAAe;AAC7D,mCAAO,CAAC,EAAE,IAAF,IAAU,CAAV,CAAD,IAAiB,EAAE,IAAF,IAAU,CAAV,CAAjB,GAAgC,CAAC,CAAD,GAAK,CAArC,CADsD;yBAAf,CAA9C,CAbsC;qBAA9C;AAiBA,2BAAO,KAAK,cAAL,CAAoB,KAAK,GAAL,CAA3B,CAlBiB;iBAAf;;;eAAN;AAoBA,wBAAY,CAAC,CAAD;AACZ,qBAAS,CAAC,CAAD;AACT,8BAAkB,CAAlB;AACA;AAAc,sCAAS,KAAT,EAAgB,IAAhB,EAAsB;AAChC,wBAAI,iBAAiB,MAAM,OAAN,CAAc,SAAd,EAAyB,EAAzB,EAA6B,OAA7B,CAAqC,OAArC,EAA8C,EAA9C,CAAjB,CAD4B;AAEhC,2BAAO,CAAC,eAAe,OAAf,CAAuB,KAAK,WAAL,CAAvB,GAA2C,CAA3C,IAAgD,CAAC,CAAD,KAAO,eAAe,OAAf,CAAuB,KAAK,WAAL,CAA9B,CAAjD,KAAsG,iBAAiB,MAAM,KAAK,WAAL,GAAmB,cAAzB,CAAvH,EACP,cADO,CAFyB;iBAAtB;;;eAAd;SA3BJ;AAiCA,iBAAS;AACL,mBAAO,OAAP;AACA,iBAAK,yBAAL;AACA,yBAAa,IAAb;AACA,8BAAkB,CAAlB;SAJJ;KAlCG,GAwCH,SAxCG,CADc;CAAvB,CAFF","file":"/imports/plugins/inputmask.phone.extensions.js.map","sourcesContent":["/*!\n* inputmask.phone.extensions.js\n* https://github.com/RobinHerbots/jquery.inputmask\n* Copyright (c) 2010 - 2016 Robin Herbots\n* Licensed under the MIT license (http://www.opensource.org/licenses/mit-license.php)\n* Version: 3.3.1\n*/\n!function(factory) {\n    \"function\" == typeof define && define.amd ? define([ \"jquery\", \"inputmask\" ], factory) : \"object\" == typeof exports ? module.exports = factory(require(\"jquery\"), require(\"./inputmask\")) : factory(window.dependencyLib || jQuery, window.Inputmask);\n}(function($, Inputmask) {\n    return Inputmask.extendAliases({\n        phone: {\n            url: \"phone-codes/phone-codes.js\",\n            countrycode: \"\",\n            phoneCodeCache: {},\n            mask: function(opts) {\n                if (void 0 === opts.phoneCodeCache[opts.url]) {\n                    var maskList = [];\n                    opts.definitions[\"#\"] = opts.definitions[9], $.ajax({\n                        url: opts.url,\n                        async: !1,\n                        type: \"get\",\n                        dataType: \"json\",\n                        success: function(response) {\n                            maskList = response;\n                        },\n                        error: function(xhr, ajaxOptions, thrownError) {\n                            alert(thrownError + \" - \" + opts.url);\n                        }\n                    }), opts.phoneCodeCache[opts.url] = maskList.sort(function(a, b) {\n                        return (a.mask || a) < (b.mask || b) ? -1 : 1;\n                    });\n                }\n                return opts.phoneCodeCache[opts.url];\n            },\n            keepStatic: !1,\n            nojumps: !0,\n            nojumpsThreshold: 1,\n            onBeforeMask: function(value, opts) {\n                var processedValue = value.replace(/^0{1,2}/, \"\").replace(/[\\s]/g, \"\");\n                return (processedValue.indexOf(opts.countrycode) > 1 || -1 === processedValue.indexOf(opts.countrycode)) && (processedValue = \"+\" + opts.countrycode + processedValue), \n                processedValue;\n            }\n        },\n        phonebe: {\n            alias: \"phone\",\n            url: \"phone-codes/phone-be.js\",\n            countrycode: \"32\",\n            nojumpsThreshold: 4\n        }\n    }), Inputmask;\n});"]},"hash":"4995966a4250aa609ba310b6e8c9d96bfa4faad9"}
