{"metadata":{"usedHelpers":[],"marked":[],"modules":{"imports":[{"source":"meteor/templating","imported":["Template"],"specifiers":[{"kind":"named","imported":"Template","local":"Template"}]},{"source":"meteor/reactive-var","imported":["ReactiveVar"],"specifiers":[{"kind":"named","imported":"ReactiveVar","local":"ReactiveVar"}]},{"source":"../html/login.html","imported":[],"specifiers":[]}],"exports":{"exported":[],"specifiers":[]}}},"options":{"filename":"/client/js/login.js","filenameRelative":"/client/js/login.js","env":{},"retainLines":false,"highlightCode":true,"suppressDeprecationMessages":false,"presets":[],"plugins":[[[],null],[[],null],[[],null],[[],null],[[],null],[[],null],[[],null],[[],{"polyfill":false}],[[],null],[[],null],[[],null],[[],null],[[],null],[[],null],[[],null],[[],null],[[],{"loose":true}],[[],{"loose":true}],[[],null],[[],{"loose":true}],[[],null],[[],null],[[],{"allowTopLevelThis":true,"strict":false,"loose":true}],[[],null],[[],null],[[],null],[[],null],[[],null],[[],{"loose":true}],[[],null],[[],null],[[],null],[[],null],[[],null],[[],null],[[],null],[[],null]],"ignore":[],"code":true,"metadata":true,"ast":false,"comments":true,"compact":false,"minified":false,"sourceMap":true,"sourceMaps":true,"sourceMapTarget":"/client/js/login.js.map","sourceFileName":"/client/js/login.js","babelrc":false,"sourceType":"module","moduleIds":false,"passPerPreset":false,"basename":"login"},"ignored":false,"code":"var _templating = require('meteor/templating');\n\nvar _reactiveVar = require('meteor/reactive-var');\n\nrequire('../html/login.html');\n\n_templating.Template.index.onCreated(function () {\n  function helloOnCreated() {\n    // counter starts at 0\n    //this.hasToRegister = new ReactiveVar(false);\n    Session.set(\"hasToRegister\", false);\n  }\n\n  return helloOnCreated;\n}());\n\n_templating.Template.LoginPage.onCreated(function () {\n  function helloOnCreated() {\n    // counter starts at 0\n    //this.hasToRegister = new ReactiveVar(false);\n    //Session.set( \"hasToRegister\", false );\n\n  }\n\n  return helloOnCreated;\n}());\n\n_templating.Template.index.helpers({\n  hasToRegister: function () {\n    function hasToRegister() {\n      // Here we get our template instance from Template.instance() and\n      // can access hasToRegister from it.\n      return Session.get(\"hasToRegister\");\n    }\n\n    return hasToRegister;\n  }()\n});\n\n_templating.Template.RegisterPage.events({\n  'submit form': function () {\n    function submitForm(event) {\n      event.preventDefault();\n      var emailVar = event.target.registerEmail.value;\n      var passwordVar = event.target.registerPassword.value;\n      Accounts.createUser({\n        email: emailVar,\n        password: passwordVar\n      });\n    }\n\n    return submitForm;\n  }()\n});\n\n_templating.Template.LoginPage.events({\n  'submit form': function () {\n    function submitForm(event) {\n      event.preventDefault();\n      var emailVar = event.target.loginEmail.value;\n      var passwordVar = event.target.loginPassword.value;\n      Meteor.loginWithPassword(emailVar, passwordVar, function (error) {\n        if (error) {\n          alert(error.reason);\n        }\n      });\n    }\n\n    return submitForm;\n  }(),\n\n  'click .js-createAccount': function () {\n    function clickJsCreateAccount(event, template) {\n      event.preventDefault();\n      //template.hasToRegister.set( true );\n      Session.set(\"hasToRegister\", true);\n    }\n\n    return clickJsCreateAccount;\n  }()\n});","ast":null,"map":{"version":3,"sources":["/client/js/login.js"],"names":[],"mappings":"AAAA;;AACA;;AAEA;;AAEA,qBAAS,KAAT,CAAe,SAAf;AAAyB,WAAS,cAAT,GAA0B;;;AAGjD,YAAQ,GAAR,CAAa,eAAb,EAA8B,KAA9B,EAHiD;GAA1B;;SAAS;GAAlC;;AAOA,qBAAS,SAAT,CAAmB,SAAnB;AAA6B,WAAS,cAAT,GAA0B;;;;;GAA1B;;SAAS;GAAtC;;AAOA,qBAAS,KAAT,CAAe,OAAf,CAAuB;AACrB;AAAe,6BAAW;;;AAGxB,aAAO,QAAQ,GAAR,CAAY,eAAZ,CAAP,CAHwB;KAAX;;;KAAf;CADF;;AAQA,qBAAS,YAAT,CAAsB,MAAtB,CAA6B;AACzB;AAAe,wBAAS,KAAT,EAAgB;AAC3B,YAAM,cAAN,GAD2B;AAE3B,UAAI,WAAW,MAAM,MAAN,CAAa,aAAb,CAA2B,KAA3B,CAFY;AAG3B,UAAI,cAAc,MAAM,MAAN,CAAa,gBAAb,CAA8B,KAA9B,CAHS;AAI3B,eAAS,UAAT,CAAoB;AAChB,eAAO,QAAP;AACA,kBAAU,WAAV;OAFJ,EAJ2B;KAAhB;;;KAAf;CADJ;;AAYA,qBAAS,SAAT,CAAmB,MAAnB,CAA0B;AACtB;AAAe,wBAAS,KAAT,EAAe;AAC1B,YAAM,cAAN,GAD0B;AAE1B,UAAI,WAAW,MAAM,MAAN,CAAa,UAAb,CAAwB,KAAxB,CAFW;AAG1B,UAAI,cAAc,MAAM,MAAN,CAAa,aAAb,CAA2B,KAA3B,CAHQ;AAI1B,aAAO,iBAAP,CAAyB,QAAzB,EAAmC,WAAnC,EAAgD,UAAS,KAAT,EAAgB;AACrE,YAAG,KAAH,EAAS;AACR,gBAAM,MAAM,MAAN,CAAN,CADQ;SAAT;OADqD,CAAhD,CAJ0B;KAAf;;;KAAf;;AAWH;AAA2B,kCAAS,KAAT,EAAe,QAAf,EAAwB;AAC5C,YAAM,cAAN;;AAD4C,aAGlD,CAAQ,GAAR,CAAa,eAAb,EAA8B,IAA9B,EAHkD;KAAxB;;;KAA3B;CAZD","file":"/client/js/login.js.map","sourcesContent":["import { Template } from 'meteor/templating';\r\nimport { ReactiveVar } from 'meteor/reactive-var';\r\n\r\nimport '../html/login.html';\r\n\r\nTemplate.index.onCreated(function helloOnCreated() {\r\n  // counter starts at 0\r\n  //this.hasToRegister = new ReactiveVar(false);\r\n  Session.set( \"hasToRegister\", false );\r\n  \r\n});\r\n\r\nTemplate.LoginPage.onCreated(function helloOnCreated() {\r\n  // counter starts at 0\r\n  //this.hasToRegister = new ReactiveVar(false);\r\n  //Session.set( \"hasToRegister\", false );\r\n  \r\n});\r\n\r\nTemplate.index.helpers({\r\n  hasToRegister: function() {\r\n    // Here we get our template instance from Template.instance() and\r\n    // can access hasToRegister from it.\r\n    return Session.get(\"hasToRegister\");\r\n  }\r\n});\r\n\r\nTemplate.RegisterPage.events({\r\n    'submit form': function(event) {\r\n        event.preventDefault();\r\n        var emailVar = event.target.registerEmail.value;\r\n        var passwordVar = event.target.registerPassword.value;\r\n        Accounts.createUser({\r\n            email: emailVar,\r\n            password: passwordVar\r\n        });\r\n    }\r\n});\r\n\r\nTemplate.LoginPage.events({\r\n    'submit form': function(event){\r\n        event.preventDefault();\r\n        var emailVar = event.target.loginEmail.value;\r\n        var passwordVar = event.target.loginPassword.value;\r\n        Meteor.loginWithPassword(emailVar, passwordVar, function(error) {\r\n\t\t\tif(error){\r\n\t\t\t\talert(error.reason);\r\n\t\t\t}\r\n\t\t});\r\n    },\r\n\t\r\n\t'click .js-createAccount': function(event,template){\r\n        event.preventDefault();\r\n        //template.hasToRegister.set( true );\r\n\t\tSession.set( \"hasToRegister\", true );\r\n    }\r\n});"]},"hash":"84225a66423cbb123bff7c829ceacf09cc2a51e9"}
