{"metadata":{"usedHelpers":[],"marked":[],"modules":{"imports":[{"source":"meteor/meteor","imported":["Meteor"],"specifiers":[{"kind":"named","imported":"Meteor","local":"Meteor"}]},{"source":"meteor/mongo","imported":["Mongo"],"specifiers":[{"kind":"named","imported":"Mongo","local":"Mongo"}]},{"source":"meteor/check","imported":["check"],"specifiers":[{"kind":"named","imported":"check","local":"check"}]}],"exports":{"exported":[],"specifiers":[]}}},"options":{"filename":"/imports/api/login.js","filenameRelative":"/imports/api/login.js","env":{},"retainLines":false,"highlightCode":true,"suppressDeprecationMessages":false,"presets":[],"plugins":[[[],null],[[],null],[[],null],[[],null],[[],null],[[],null],[[],null],[[],{"polyfill":false}],[[],null],[[],null],[[],null],[[],null],[[],null],[[],null],[[],null],[[],null],[[],{"loose":true}],[[],{"loose":true}],[[],null],[[],{"loose":true}],[[],null],[[],null],[[],{"allowTopLevelThis":true,"strict":false,"loose":true}],[[],null],[[],null],[[],null],[[],null],[[],null],[[],{"loose":true}],[[],null],[[],null],[[],null],[[],null],[[],null],[[],null],[[],null],[[],null]],"ignore":[],"code":true,"metadata":true,"ast":false,"comments":true,"compact":false,"minified":false,"sourceMap":true,"sourceMaps":true,"sourceMapTarget":"/imports/api/login.js.map","sourceFileName":"/imports/api/login.js","babelrc":false,"sourceType":"module","moduleIds":false,"passPerPreset":false,"basename":"login"},"ignored":false,"code":"var _meteor = require('meteor/meteor');\n\nvar _mongo = require('meteor/mongo');\n\nvar _check = require('meteor/check');\n\n//export const ApplicationUsers = new Mongo.Collection('users');\n\n_meteor.Meteor.methods({\n  'UpdateUserRegistrationDetails': function () {\n    function UpdateUserRegistrationDetails(firstName, lastName) {\n      (0, _check.check)(firstName, String);\n      (0, _check.check)(lastName, String);\n\n      // Make sure the user is logged in before updating user details\n      if (!this.userId) {\n        throw new _meteor.Meteor.Error('not-authorized');\n      }\n\n      _meteor.Meteor.users.update(this.userId, // Filter criteria\n      { $set: {\n          'profile.firstName': firstName,\n          'profile.lastName': lastName\n          //username: Meteor.users.findOne(this.userId).username,\n        } });\n    }\n\n    return UpdateUserRegistrationDetails;\n  }()\n});","ast":null,"map":{"version":3,"sources":["/imports/api/login.js"],"names":[],"mappings":"AAAA;;AACA;;AACA;;;;AAIA,eAAO,OAAP,CAAe;AACb;2CAAgC,WAAU,UAAU;AAClD,wBAAM,SAAN,EAAiB,MAAjB,EADkD;AAErD,wBAAM,QAAN,EAAgB,MAAhB;;;AAFqD,UAK9C,CAAE,KAAK,MAAL,EAAa;AACjB,cAAM,IAAI,eAAO,KAAP,CAAa,gBAAjB,CAAN,CADiB;OAAnB;;AAIA,qBAAO,KAAP,CAAa,MAAb,CACH,KAAK,MAAL;AACA,QAAE,MACD;AACA,+BAAqB,SAArB;AACA,8BAAoB,QAApB;;AAFA,SADC,EAFC,EATkD;;;;KADvC;CAAf","file":"/imports/api/login.js.map","sourcesContent":["import { Meteor } from 'meteor/meteor';\r\nimport { Mongo } from 'meteor/mongo';\r\nimport { check } from 'meteor/check';\r\n\r\n//export const ApplicationUsers = new Mongo.Collection('users');\r\n\r\nMeteor.methods({\r\n  'UpdateUserRegistrationDetails'(firstName,lastName) {\r\n    check(firstName, String);\r\n\tcheck(lastName, String);\r\n \r\n    // Make sure the user is logged in before updating user details\r\n    if (! this.userId) {\r\n      throw new Meteor.Error('not-authorized');\r\n    }\r\n \r\n    Meteor.users.update( \r\n\tthis.userId, // Filter criteria\r\n\t{ $set:\r\n\t\t{\r\n\t\t'profile.firstName': firstName,\r\n\t\t'profile.lastName': lastName\r\n      //username: Meteor.users.findOne(this.userId).username,\r\n    }});\r\n  }\r\n  });"]},"hash":"9a4865d3861afda0c87c1d19e4db492dc0bd4b9a"}
