{"metadata":{"usedHelpers":[],"marked":[],"modules":{"imports":[{"source":"meteor/meteor","imported":["Meteor"],"specifiers":[{"kind":"named","imported":"Meteor","local":"Meteor"}]},{"source":"meteor/mongo","imported":["Mongo"],"specifiers":[{"kind":"named","imported":"Mongo","local":"Mongo"}]},{"source":"meteor/check","imported":["check"],"specifiers":[{"kind":"named","imported":"check","local":"check"}]}],"exports":{"exported":[],"specifiers":[]}}},"options":{"filename":"/server/main.js","filenameRelative":"/server/main.js","env":{},"retainLines":false,"highlightCode":true,"suppressDeprecationMessages":false,"presets":[],"plugins":[[[],null],[[],null],[[],null],[[],null],[[],null],[[],null],[[],null],[[],{"polyfill":false}],[[],null],[[],null],[[],null],[[],null],[[],null],[[],null],[[],null],[[],null],[[],{"loose":true}],[[],{"loose":true}],[[],null],[[],{"loose":true}],[[],null],[[],null],[[],{"allowTopLevelThis":true,"strict":false,"loose":true}],[[],null],[[],null],[[],null],[[],null],[[],null],[[],{"loose":true}],[[],null],[[],null],[[],null],[[],null],[[],null],[[],null],[[],null],[[],null]],"ignore":[],"code":true,"metadata":true,"ast":false,"comments":true,"compact":false,"minified":false,"sourceMap":true,"sourceMaps":true,"sourceMapTarget":"/server/main.js.map","sourceFileName":"/server/main.js","babelrc":false,"sourceType":"module","moduleIds":false,"passPerPreset":false,"basename":"main"},"ignored":false,"code":"var _meteor = require('meteor/meteor');\n\nvar _mongo = require('meteor/mongo');\n\nvar _check = require('meteor/check');\n\n//import '../imports/api/login.js';\n\n_meteor.Meteor.startup(function () {\n  // code to run on server at startup\n\n});\n\n_meteor.Meteor.methods({\n  'UpdateUserRegistrationDetails': function () {\n    function UpdateUserRegistrationDetails(firstName, lastName) {\n      (0, _check.check)(firstName, String);\n      (0, _check.check)(lastName, String);\n\n      // Make sure the user is logged in before updating user details\n      if (!this.userId) {\n        throw new _meteor.Meteor.Error('not-authorized');\n      }\n\n      _meteor.Meteor.users.update({ _id: _meteor.Meteor.userId() },\n      //this.userId, // Filter criteria\n      { $set: {\n          \"profile.firstName\": firstName,\n          \"profile.lastName\": lastName\n          //username: Meteor.users.findOne(this.userId).username,\n        } });\n    }\n\n    return UpdateUserRegistrationDetails;\n  }()\n});","ast":null,"map":{"version":3,"sources":["/server/main.js"],"names":[],"mappings":"AAAA;;AACA;;AACA;;;;AAGA,eAAO,OAAP,CAAe,YAAM;;;CAAN,CAAf;;AAKA,eAAO,OAAP,CAAe;AACb;2CAAgC,WAAU,UAAU;AAClD,wBAAM,SAAN,EAAiB,MAAjB,EADkD;AAErD,wBAAM,QAAN,EAAgB,MAAhB;;;AAFqD,UAK9C,CAAE,KAAK,MAAL,EAAa;AACjB,cAAM,IAAI,eAAO,KAAP,CAAa,gBAAjB,CAAN,CADiB;OAAnB;;AAIA,qBAAO,KAAP,CAAa,MAAb,CACH,EAAE,KAAK,eAAO,MAAP,EAAL,EADC;;AAGH,QAAE,MACD;AACA,+BAAqB,SAArB;AACA,8BAAoB,QAApB;;AAFA,SADC,EAHC,EATkD;;;;KADvC;CAAf","file":"/server/main.js.map","sourcesContent":["import { Meteor } from 'meteor/meteor';\nimport { Mongo } from 'meteor/mongo';\nimport { check } from 'meteor/check';\n//import '../imports/api/login.js';\n\nMeteor.startup(() => {\n  // code to run on server at startup\n  \n});\n\nMeteor.methods({\n  'UpdateUserRegistrationDetails'(firstName,lastName) {\n    check(firstName, String);\n\tcheck(lastName, String);\n \n    // Make sure the user is logged in before updating user details\n    if (! this.userId) {\n      throw new Meteor.Error('not-authorized');\n    }\n \n    Meteor.users.update( \n\t{ _id: Meteor.userId() },\n\t//this.userId, // Filter criteria\n\t{ $set:\n\t\t{\n\t\t\"profile.firstName\": firstName,\n\t\t\"profile.lastName\": lastName\n      //username: Meteor.users.findOne(this.userId).username,\n    }});\n  }\n  });"]},"hash":"cb0e12ce563511f9606bc28b64347ff81d942b45"}
