{"metadata":{"usedHelpers":[],"marked":[],"modules":{"imports":[],"exports":{"exported":[],"specifiers":[]}}},"options":{"filename":"/client/js/login.js","filenameRelative":"/client/js/login.js","env":{},"retainLines":false,"highlightCode":true,"suppressDeprecationMessages":false,"presets":[],"plugins":[[[],null],[[],null],[[],null],[[],null],[[],null],[[],null],[[],null],[[],{"polyfill":false}],[[],null],[[],null],[[],null],[[],null],[[],null],[[],null],[[],null],[[],null],[[],{"loose":true}],[[],{"loose":true}],[[],null],[[],{"loose":true}],[[],null],[[],null],[[],{"allowTopLevelThis":true,"strict":false,"loose":true}],[[],null],[[],null],[[],null],[[],null],[[],null],[[],{"loose":true}],[[],null],[[],null],[[],null],[[],null],[[],null],[[],null],[[],null],[[],null]],"ignore":[],"code":true,"metadata":true,"ast":false,"comments":true,"compact":false,"minified":false,"sourceMap":true,"sourceMaps":true,"sourceMapTarget":"/client/js/login.js.map","sourceFileName":"/client/js/login.js","babelrc":false,"sourceType":"module","moduleIds":false,"passPerPreset":false,"basename":"login"},"ignored":false,"code":"Template.RegisterPage.events({\n    'submit form': function () {\n        function submitForm(event) {\n            event.preventDefault();\n            var emailVar = event.target.registerEmail.value;\n            var passwordVar = event.target.registerPassword.value;\n            Accounts.createUser({\n                email: emailVar,\n                password: passwordVar\n            });\n        }\n\n        return submitForm;\n    }()\n});","ast":null,"map":{"version":3,"sources":["/client/js/login.js"],"names":[],"mappings":"AAAA,SAAS,YAAT,CAAsB,MAAtB,CAA6B;AACzB;AAAe,4BAAS,KAAT,EAAgB;AAC3B,kBAAM,cAAN,GAD2B;AAE3B,gBAAI,WAAW,MAAM,MAAN,CAAa,aAAb,CAA2B,KAA3B,CAFY;AAG3B,gBAAI,cAAc,MAAM,MAAN,CAAa,gBAAb,CAA8B,KAA9B,CAHS;AAI3B,qBAAS,UAAT,CAAoB;AAChB,uBAAO,QAAP;AACA,0BAAU,WAAV;aAFJ,EAJ2B;SAAhB;;;OAAf;CADJ","file":"/client/js/login.js.map","sourcesContent":["Template.RegisterPage.events({\r\n    'submit form': function(event) {\r\n        event.preventDefault();\r\n        var emailVar = event.target.registerEmail.value;\r\n        var passwordVar = event.target.registerPassword.value;\r\n        Accounts.createUser({\r\n            email: emailVar,\r\n            password: passwordVar\r\n        });\r\n    }\r\n});"]},"hash":"db4f9e79386452f6b8d82045f0ca793d549d9488"}
